nombre,apellido,usuario,contrasenya,dni,email,telefono,fechaNacimiento,direccion,id_pais,aceptado
Méng,Pehrsson,méngpehrsson,méngpehrsson,497-14-9880,cpehrsson0@hibu.com,7294790221,1981-03-29,46932 2nd Center,15,true
Anaëlle,Treves,anaëlletreves,anaëlletreves,387-18-0985,mtreves1@simplemachines.org,2595157629,1982-06-12,07836 Washington Alley,9,true
Naéva,Shoesmith,naévashoesmith,naévashoesmith,279-74-5268,mshoesmith2@forbes.com,4862948984,1986-03-07,01790 Grayhawk Pass,9,false
Naéva,Drury,naévadrury,naévadrury,760-39-0247,ldrury3@trellian.com,2623094126,1976-09-09,53264 Mcguire Lane,15,false
Personnalisée,Creavan,personnaliséecreavan,personnaliséecreavan,299-07-6344,screavan4@wiley.com,6925492219,1992-11-04,209 Sommers Parkway,13,true
Illustrée,Illem,illustréeillem,illustréeillem,133-18-7362,cillem5@sohu.com,8194683640,1964-01-02,9446 Eagle Crest Road,9,false
Maëlyss,Vedeniktov,maëlyssvedeniktov,maëlyssvedeniktov,277-46-7314,avedeniktov6@fema.gov,5433619769,1977-11-10,3 Starling Circle,10,false
Åke,Stubbert,Åkestubbert,Åkestubbert,614-66-2775,bstubbert7@cbsnews.com,3668218322,1993-04-11,73 Logan Court,2,false
Léane,Heersma,léaneheersma,léaneheersma,693-33-1029,gheersma8@wikia.com,1789512220,1981-03-17,713 Anhalt Point,1,false
Anaé,Clear,anaéclear,anaéclear,400-09-9547,aclear9@4shared.com,8161891899,1977-10-06,56 Kennedy Plaza,5,true
Marlène,Kilby,marlènekilby,marlènekilby,315-92-8586,ckilbya@mlb.com,3123533084,1989-04-16,2 Ridgeview Parkway,7,false
Estève,Ironside,estèveironside,estèveironside,384-81-1490,cironsideb@google.com.hk,3125935886,1975-01-23,55404 Dennis Terrace,12,true
Crééz,Dallosso,créézdallosso,créézdallosso,659-91-8676,fdallossoc@livejournal.com,3856715597,1978-05-23,10 Northridge Place,12,true
Mén,Trussell,méntrussell,méntrussell,491-35-4078,gtrusselld@quantcast.com,2601385527,1987-06-15,9 La Follette Crossing,8,false
Erwéi,Midghall,erwéimidghall,erwéimidghall,671-42-1087,bmidghalle@salon.com,5997327196,1960-10-08,51683 8th Park,10,false
Alizée,Mirfield,alizéemirfield,alizéemirfield,180-96-0663,dmirfieldf@businessinsider.com,5103616757,1979-11-02,36353 Dwight Court,3,true
Athéna,Quarton,athénaquarton,athénaquarton,888-89-5142,iquartong@jiathis.com,9915459911,1996-07-17,15869 Trailsway Way,1,true
Edmée,Confort,edméeconfort,edméeconfort,690-43-1686,gconforth@foxnews.com,6317852045,1990-02-06,89 Delaware Crossing,8,true
Chloé,Grinaway,chloégrinaway,chloégrinaway,853-66-5406,hgrinawayi@fda.gov,4201829705,1994-09-17,2 Laurel Point,13,false
Eugénie,Pee,eugéniepee,eugéniepee,450-76-5592,jpeej@seesaa.net,3513218290,1998-09-01,25 Kennedy Hill,10,false
Solène,Krzyzowski,solènekrzyzowski,solènekrzyzowski,771-50-0354,okrzyzowskik@auda.org.au,2787455535,1993-04-15,76 Springs Court,1,false
Océane,Kirman,océanekirman,océanekirman,121-48-2213,dkirmanl@lycos.com,3211130869,1966-01-24,0145 Mccormick Plaza,6,true
Loïs,Thorington,loïsthorington,loïsthorington,239-10-2068,sthoringtonm@tumblr.com,7788751746,1984-06-22,6 Caliangt Junction,9,true
Véronique,Bartzen,véroniquebartzen,véroniquebartzen,129-21-3629,abartzenn@icio.us,2907778401,1991-11-17,67366 Weeping Birch Junction,6,false
Nélie,Lias,nélielias,nélielias,368-43-5671,eliaso@delicious.com,1049735696,1996-08-03,70 Dwight Hill,10,false
Judicaël,Simpkin,judicaëlsimpkin,judicaëlsimpkin,366-28-5197,rsimpkinp@lulu.com,2835567162,1997-01-24,50810 Elgar Street,15,true
Laurène,Hanrott,laurènehanrott,laurènehanrott,791-72-7126,thanrottq@blinklist.com,5841860015,1966-02-07,4051 Nancy Point,10,false
Simplifiés,Binestead,simplifiésbinestead,simplifiésbinestead,520-41-0791,ebinesteadr@so-net.ne.jp,3058669101,1987-05-03,4427 Bluestem Lane,13,true
Laurène,Mosedill,laurènemosedill,laurènemosedill,833-93-9933,gmosedills@tmall.com,7833442202,1975-11-19,1018 5th Street,3,true
Bécassine,Housecraft,bécassinehousecraft,bécassinehousecraft,899-12-1581,shousecraftt@mysql.com,1791543990,1966-09-12,2820 Kim Plaza,2,false
